{"cameraMode":{"drawMode":0,"name":"Shaded","section":"Shading Mode"},"sceneLighting":true,"audioPlay":false,"sceneViewState":{"showFog":true,"showMaterialUpdate":false,"showSkybox":true,"showFlares":true,"showImageEffects":true,"showParticleSystems":true},"in2DMode":false,"pivot":{"x":0.4697754383087158,"y":-1.0472657680511475,"z":-2.9306640625},"rotation":{"x":0.04069732874631882,"y":0.9568186402320862,"z":-0.1652296930551529,"w":0.23567132651805879},"size":7.5075764656066898,"orthographic":true}