{"cameraMode":{"drawMode":0,"name":"Shaded","section":"Shading Mode"},"sceneLighting":true,"audioPlay":false,"sceneViewState":{"showFog":true,"showMaterialUpdate":false,"showSkybox":true,"showFlares":true,"showImageEffects":true,"showParticleSystems":true},"in2DMode":false,"pivot":{"x":0.4697754383087158,"y":-1.0472657680511475,"z":-2.9306640625},"rotation":{"x":0.03639770671725273,"y":0.8540356159210205,"z":-0.060309622436761859,"w":0.5154232382774353},"size":4.614121913909912,"orthographic":true}